{"val_loss":2.4569742530584335,"_timestamp":1.7596119283220391e+09,"_step":5,"_wandb":{"runtime":216},"_runtime":216,"epoch":6,"train_loss":0.6082281365587905}