{"_timestamp":1.7596117049835908e+09,"_step":5,"_wandb":{"runtime":216},"_runtime":216,"epoch":6,"train_loss":0.682906173773714,"val_loss":2.4214207241612096}