{"_timestamp":1.759613824045672e+09,"_step":49,"epoch":50,"_wandb":{"runtime":1889},"_runtime":1889,"train_loss":0.00454536298088528,"val_loss":6.024114055018271}