{"epoch":6,"train_loss":1.1077338940388448,"_wandb":{"runtime":232},"_runtime":232,"val_loss":2.213757618781059,"_timestamp":1.759611482210115e+09,"_step":5}