{"epoch":50,"train_loss":0.005171972295470737,"val_loss":5.726124225124236,"_timestamp":1.7596200567960908e+09,"_step":49,"_wandb":{"runtime":1843},"_runtime":1843}