{"val_loss":5.838201642036438,"_timestamp":1.759614097096416e+09,"_step":6,"_wandb":{"runtime":266},"_runtime":266,"epoch":7,"train_loss":0.005093352944665664}