{"_step":7,"_wandb":{"runtime":303},"_runtime":303,"epoch":8,"train_loss":0.005442991176292904,"val_loss":5.716421065791961,"_timestamp":1.7596162899865322e+09}