{"val_loss":5.651362180709839,"_timestamp":1.759618208533891e+09,"_step":49,"epoch":50,"_wandb":{"runtime":1910},"_runtime":1910,"train_loss":0.005492644812408331}