{"epoch":50,"train_loss":0.0060451560704087885,"val_loss":5.664115011692047,"_timestamp":1.7596159785631921e+09,"_step":49,"_wandb":{"runtime":1867},"_runtime":1867}