{"val_loss":2.0366919502135246,"_timestamp":1.7596112425894358e+09,"_step":49,"epoch":50,"train_loss":1.1406937563741528,"_wandb":{"runtime":1886},"_runtime":1886}